mean_ms,std_ms,min_ms,max_ms,throughput,batch_size
5.709249000210548,2.3684907014749372,3.0722999945282936,17.874599987408146,175.15438544773957,1
5.7251514997915365,2.384763227423722,2.9855999746359885,14.042499999050051,698.67146749665,4
7.382381499628536,3.121008645574342,5.810600006952882,28.81579997483641,2167.322293057475,16
11.83001100027468,1.0006773230319066,11.216500017326325,18.206499982625246,2704.984805107704,32
21.723531499592355,1.7514133112846935,20.89680000790395,34.87569998833351,2946.113987092797,64
40.66471400030423,0.7278349945682726,40.083500003675,49.11980000906624,3147.692124406491,128
