{
  "model_name": "ghost_resnet18",
  "input_size": [
    1,
    3,
    32,
    32
  ],
  "timestamp": "2026-01-31T07:59:46.521654",
  "system_info": {
    "platform": "Windows-10-10.0.26100-SP0",
    "processor": "Intel64 Family 6 Model 186 Stepping 2, GenuineIntel",
    "python_version": "3.11.9",
    "pytorch_version": "2.5.1+cu121",
    "cuda_available": true,
    "cuda_version": "12.1",
    "gpu_name": "NVIDIA GeForce RTX 3050 6GB Laptop GPU",
    "gpu_memory_gb": 5.99951171875
  },
  "model_complexity": {
    "total": 5773242,
    "trainable": 5773242,
    "non_trainable": 0,
    "total_m": 5.773242,
    "trainable_m": 5.773242,
    "params_m": 5.773242,
    "flops": 287610368.0,
    "flops_m": 287.610368,
    "flops_g": 0.287610368,
    "macs": 143805184.0,
    "macs_m": 143.805184
  },
  "pytorch_cpu": {
    "batch_1": {
      "mean_ms": 102.93344399942725,
      "std_ms": 97.86043442053996,
      "min_ms": 57.5340000068536,
      "max_ms": 521.2071999994805,
      "p50_ms": 73.46375000633998,
      "p95_ms": 437.2185899992473,
      "p99_ms": 484.4173809993662,
      "throughput_samples_per_sec": 9.715015461889765
    },
    "batch_8": {
      "mean_ms": 282.50067050052166,
      "std_ms": 155.86980864791212,
      "min_ms": 150.45630000531673,
      "max_ms": 834.808300001896,
      "p50_ms": 212.62475000548875,
      "p95_ms": 632.4353600088216,
      "p99_ms": 680.6522600086461,
      "throughput_samples_per_sec": 28.318516858122738
    },
    "batch_16": {
      "mean_ms": 507.4685005001811,
      "std_ms": 169.92431431832085,
      "min_ms": 247.29289999231696,
      "max_ms": 993.0024000059348,
      "p50_ms": 457.0779499990749,
      "p95_ms": 813.2098500034772,
      "p99_ms": 920.8344560001566,
      "throughput_samples_per_sec": 31.52905054053555
    },
    "batch_32": {
      "mean_ms": 699.4760744999803,
      "std_ms": 173.26072341540535,
      "min_ms": 432.4460000061663,
      "max_ms": 1225.9775000129594,
      "p50_ms": 657.2756500027026,
      "p95_ms": 1059.3405700034054,
      "p99_ms": 1136.905853008356,
      "throughput_samples_per_sec": 45.74852688546233
    }
  },
  "pytorch_cuda": {
    "batch_1": {
      "mean_ms": 60.06664949993137,
      "std_ms": 68.7936139565154,
      "min_ms": 27.619000000413507,
      "max_ms": 437.3809000098845,
      "p50_ms": 40.238449997559655,
      "p95_ms": 123.27181000073247,
      "p99_ms": 400.9708500027772,
      "throughput_samples_per_sec": 16.648173459402667
    },
    "batch_8": {
      "mean_ms": 51.36145649943501,
      "std_ms": 64.1813076990429,
      "min_ms": 26.02590000606142,
      "max_ms": 457.46439999493305,
      "p50_ms": 37.18329999537673,
      "p95_ms": 79.60884499989287,
      "p99_ms": 421.0808860002724,
      "throughput_samples_per_sec": 155.7588227679642
    },
    "batch_16": {
      "mean_ms": 51.380053499451606,
      "std_ms": 65.54741189106656,
      "min_ms": 28.34590000566095,
      "max_ms": 450.899000003119,
      "p50_ms": 36.98940000322182,
      "p95_ms": 86.7437499982764,
      "p99_ms": 438.7355489973561,
      "throughput_samples_per_sec": 311.4048917868638
    },
    "batch_32": {
      "mean_ms": 51.913788000674685,
      "std_ms": 60.6747013849788,
      "min_ms": 27.26000000257045,
      "max_ms": 432.4332000105642,
      "p50_ms": 37.02349999366561,
      "p95_ms": 121.89040500525111,
      "p99_ms": 403.64740599601635,
      "throughput_samples_per_sec": 616.406570053877
    }
  },
  "pytorch_amp": {
    "fp32": {
      "mean_ms": 54.68805650016293,
      "std_ms": 66.16793498341019,
      "throughput": 585.1369027879911
    },
    "fp16_amp": {
      "mean_ms": 56.08184100005019,
      "std_ms": 67.31056815550042,
      "throughput": 570.5946778739193
    },
    "speedup": 0.9751473119456615
  },
  "gpu_memory": {
    "batch_1": {
      "peak_memory_mb": 36.287109375,
      "cached_memory_mb": 92.0
    },
    "batch_8": {
      "peak_memory_mb": 41.400390625,
      "cached_memory_mb": 92.0
    },
    "batch_16": {
      "peak_memory_mb": 51.634765625,
      "cached_memory_mb": 92.0
    },
    "batch_32": {
      "peak_memory_mb": 72.10400390625,
      "cached_memory_mb": 92.0
    }
  },
  "cpu_memory": {
    "batch_1": {
      "current_memory_mb": 0.003975868225097656,
      "peak_memory_mb": 0.0070095062255859375
    },
    "batch_8": {
      "current_memory_mb": 0.00418853759765625,
      "peak_memory_mb": 0.007109642028808594
    },
    "batch_16": {
      "current_memory_mb": 0.004132270812988281,
      "peak_memory_mb": 0.007109642028808594
    },
    "batch_32": {
      "current_memory_mb": 0.004132270812988281,
      "peak_memory_mb": 0.007109642028808594
    }
  }
}